{
  "hausdorff": 0.27149355970567235,
  "chamfer": 0.02328267721117283,
  "rmse": 0.10448251155194362,
  "iou": 0.8721171060054437,
  "completeness": 17.5
}