{
  "hausdorff": 0.41872772257437973,
  "chamfer": 0.08771822896013219,
  "rmse": 0.21632963590593848,
  "iou": 0.6127961374583352,
  "completeness": 12.04
}